path	line	kind	normalized	capability	classification
crates/fbuild-core/Cargo.toml	48	native_dependency	interprocess	ipc	host_mechanic
crates/fbuild-core/Cargo.toml	49	native_dependency	socket2	ipc	host_mechanic
crates/fbuild-core/Cargo.toml	55	target_dependency_table	[target.'cfg(unix)'.dependencies]	fs	host_mechanic
crates/fbuild-core/Cargo.toml	57	native_dependency	libc	fs	host_mechanic
crates/fbuild-core/Cargo.toml	59	target_dependency_table	[target.'cfg(windows)'.dependencies]	fs	host_mechanic
crates/fbuild-core/Cargo.toml	67	native_dependency	windows-sys	fs	host_mechanic
crates/fbuild-core/src/platform/executable.rs	56	native_path	std::env::current_exe	host_executable	host_mechanic
crates/fbuild-core/src/platform/linux/device.rs	33	native_path	std::os::unix::fs::OpenOptionsExt	fs	host_mechanic
crates/fbuild-core/src/platform/linux/device.rs	41	native_path	libc::	process	host_mechanic
crates/fbuild-core/src/platform/linux/device.rs	41	native_path	libc::	process	host_mechanic
crates/fbuild-core/src/platform/linux/fs.rs	2	native_path	std::os::unix::fs::PermissionsExt	fs	host_mechanic
crates/fbuild-core/src/platform/linux/fs.rs	13	native_path	std::os::unix::fs::MetadataExt	fs	host_mechanic
crates/fbuild-core/src/platform/linux/fs.rs	57	native_path	std::os::unix::fs::symlink	fs	host_mechanic
crates/fbuild-core/src/platform/linux/fs.rs	61	native_path	std::os::unix::fs::symlink	fs	host_mechanic
crates/fbuild-core/src/platform/linux/fs.rs	105	native_path	std::os::unix::ffi::OsStrExt	process	host_mechanic
crates/fbuild-core/src/platform/linux/fs.rs	110	native_path	libc::	process	host_mechanic
crates/fbuild-core/src/platform/linux/fs.rs	112	native_path	libc::	process	host_mechanic
crates/fbuild-core/src/platform/linux/fs.rs	122	native_path	libc::	process	host_mechanic
crates/fbuild-core/src/platform/linux/ipc.rs	1	native_path	interprocess::local_socket	ipc	host_mechanic
crates/fbuild-core/src/platform/linux/ipc.rs	2	native_path	interprocess::local_socket	ipc	host_mechanic
crates/fbuild-core/src/platform/linux/ipc.rs	3	native_path	interprocess::os::unix	ipc	host_mechanic
crates/fbuild-core/src/platform/linux/ipc.rs	4	native_path	socket2::	ipc	host_mechanic
crates/fbuild-core/src/platform/linux/ipc.rs	66	native_path	std::os::unix::fs::PermissionsExt	ipc	host_mechanic
crates/fbuild-core/src/platform/linux/mod.rs	14	compile_host_fact	std::env::consts::ARCH	host	host_mechanic
crates/fbuild-core/src/platform/linux/process.rs	1	native_path	std::os::unix::process::ExitStatusExt	process	host_mechanic
crates/fbuild-core/src/platform/macos/fs.rs	2	native_path	std::os::unix::fs::PermissionsExt	fs	host_mechanic
crates/fbuild-core/src/platform/macos/fs.rs	13	native_path	std::os::unix::fs::MetadataExt	fs	host_mechanic
crates/fbuild-core/src/platform/macos/fs.rs	57	native_path	std::os::unix::fs::symlink	fs	host_mechanic
crates/fbuild-core/src/platform/macos/fs.rs	61	native_path	std::os::unix::fs::symlink	fs	host_mechanic
crates/fbuild-core/src/platform/macos/fs.rs	105	native_path	std::os::unix::ffi::OsStrExt	process	host_mechanic
crates/fbuild-core/src/platform/macos/fs.rs	110	native_path	libc::	process	host_mechanic
crates/fbuild-core/src/platform/macos/fs.rs	112	native_path	libc::	process	host_mechanic
crates/fbuild-core/src/platform/macos/fs.rs	122	native_path	libc::	process	host_mechanic
crates/fbuild-core/src/platform/macos/ipc.rs	1	native_path	interprocess::local_socket	ipc	host_mechanic
crates/fbuild-core/src/platform/macos/ipc.rs	2	native_path	interprocess::local_socket	ipc	host_mechanic
crates/fbuild-core/src/platform/macos/ipc.rs	3	native_path	socket2::	ipc	host_mechanic
crates/fbuild-core/src/platform/macos/ipc.rs	19	native_path	std::os::unix::fs::PermissionsExt	ipc	host_mechanic
crates/fbuild-core/src/platform/macos/ipc.rs	72	native_path	std::os::unix::fs::PermissionsExt	ipc	host_mechanic
crates/fbuild-core/src/platform/macos/mod.rs	13	compile_host_fact	std::env::consts::ARCH	host	host_mechanic
crates/fbuild-core/src/platform/macos/process.rs	1	native_path	std::os::unix::process::ExitStatusExt	process	host_mechanic
crates/fbuild-core/src/platform/windows/device.rs	18	native_path	windows_sys::	process	host_mechanic
crates/fbuild-core/src/platform/windows/device.rs	27	native_path	windows_sys::	process	host_mechanic
crates/fbuild-core/src/platform/windows/device.rs	30	native_path	windows_sys::	process	host_mechanic
crates/fbuild-core/src/platform/windows/device.rs	31	native_path	windows_sys::	process	host_mechanic
crates/fbuild-core/src/platform/windows/device.rs	35	native_path	windows_sys::	process	host_mechanic
crates/fbuild-core/src/platform/windows/fs.rs	2	native_path	std::os::windows::ffi::OsStrExt	process	host_mechanic
crates/fbuild-core/src/platform/windows/fs.rs	3	native_path	std::os::windows::fs	fs	host_mechanic
crates/fbuild-core/src/platform/windows/fs.rs	4	native_path	std::os::windows::io::AsRawHandle	process	host_mechanic
crates/fbuild-core/src/platform/windows/fs.rs	60	native_path	std::os::windows::fs::symlink_dir	fs	host_mechanic
crates/fbuild-core/src/platform/windows/fs.rs	64	native_path	std::os::windows::fs::symlink_file	fs	host_mechanic
crates/fbuild-core/src/platform/windows/fs.rs	92	native_path	windows_sys::	process	host_mechanic
crates/fbuild-core/src/platform/windows/fs.rs	147	native_path	windows_sys::	process	host_mechanic
crates/fbuild-core/src/platform/windows/fs.rs	191	native_path	windows_sys::	process	host_mechanic
crates/fbuild-core/src/platform/windows/ipc.rs	1	native_path	interprocess::local_socket	ipc	host_mechanic
crates/fbuild-core/src/platform/windows/ipc.rs	2	native_path	interprocess::local_socket	ipc	host_mechanic
crates/fbuild-core/src/platform/windows/ipc.rs	3	native_path	interprocess::os::windows	ipc	host_mechanic
crates/fbuild-core/src/platform/windows/ipc.rs	4	native_path	interprocess::os::windows	ipc	host_mechanic
crates/fbuild-core/src/platform/windows/ipc.rs	5	native_path	socket2::	ipc	host_mechanic
crates/fbuild-core/src/platform/windows/ipc.rs	6	native_path	std::os::windows::io::AsRawSocket	ipc	host_mechanic
crates/fbuild-core/src/platform/windows/mod.rs	13	compile_host_fact	std::env::consts::ARCH	host	host_mechanic
crates/fbuild-core/src/platform/windows/process.rs	87	native_path	std::os::windows::ffi::OsStrExt	process	host_mechanic
crates/fbuild-core/src/platform/windows/process.rs	89	native_path	windows_sys::	process	host_mechanic
crates/fbuild-core/src/platform/windows/process.rs	92	native_path	windows_sys::	process	host_mechanic
crates/fbuild-core/src/platform/windows/process.rs	95	native_path	windows_sys::	process	host_mechanic
crates/fbuild-core/src/platform/windows/process.rs	98	native_path	windows_sys::	process	host_mechanic
crates/fbuild-core/src/platform/windows/usb_pnp.rs	13	native_path	windows_sys::	process	host_mechanic
crates/fbuild-core/src/platform/windows/usb_pnp.rs	24	native_path	windows_sys::	process	host_mechanic
crates/fbuild-core/src/platform/windows/usb_pnp.rs	28	native_path	windows_sys::	process	host_mechanic
crates/fbuild-core/src/platform/windows/usb_pnp.rs	32	native_path	windows_sys::	process	host_mechanic
crates/fbuild-core/src/platform/windows/usb_pnp.rs	35	native_path	windows_sys::	process	host_mechanic
crates/fbuild-core/src/platform/windows/usb_pnp.rs	39	native_path	windows_sys::	process	host_mechanic
crates/fbuild-core/src/platform/windows/usb_pnp.rs	40	native_path	windows_sys::	process	host_mechanic
crates/fbuild-core/tests/it/platformio_package_resolution.rs	5	attr_cfg	#[cfg(windows)]	host	host_mechanic
crates/fbuild-core/tests/it/platformio_package_resolution.rs	107	attr_cfg	#[cfg(windows)]	host	host_mechanic
crates/fbuild-daemon/Cargo.toml	74	native_dependency	libc	process	host_mechanic
crates/fbuild-daemon/src/handlers/emulator/tests_npm_cache.rs	146	attr_cfg	#[cfg(windows)]	host_executable	host_artifact_policy
crates/fbuild-daemon/src/handlers/emulator/tests_process.rs	9	attr_cfg	#[cfg(windows)]	host_executable	host_artifact_policy
crates/fbuild-daemon/src/handlers/emulator/tests_process.rs	21	attr_cfg	#[cfg(not(windows))]	host_executable	host_artifact_policy
crates/fbuild-daemon/src/handlers/health.rs	51	attr_cfg	#[cfg(target_os=)]	host	host_mechanic
crates/fbuild-daemon/src/handlers/health.rs	53	attr_cfg	#[cfg(not(target_os=))]	host	host_mechanic
crates/fbuild-daemon/src/handlers/health.rs	105	attr_cfg	#[cfg(target_os=)]	host	host_mechanic
crates/fbuild-daemon/src/handlers/health.rs	107	attr_cfg	#[cfg(not(target_os=))]	host	host_mechanic
crates/fbuild-daemon/src/handlers/websockets_tests.rs	7	attr_cfg	#[cfg(target_os=)]	host	host_mechanic
crates/fbuild-daemon/src/handlers/websockets_tests.rs	20	native_path	libc::	process	host_mechanic
crates/fbuild-daemon/src/handlers/websockets_tests.rs	32	native_path	libc::	process	host_mechanic
crates/fbuild-daemon/src/handlers/websockets_tests.rs	128	attr_cfg	#[cfg(target_os=)]	host	host_mechanic
crates/fbuild-daemon/src/handlers/websockets_tests.rs	134	attr_cfg	#[cfg(target_os=)]	host	host_mechanic
crates/fbuild-daemon/src/handlers/websockets_tests.rs	140	attr_cfg	#[cfg(target_os=)]	host	host_mechanic
crates/fbuild-daemon/src/handlers/websockets_tests.rs	146	attr_cfg	#[cfg(target_os=)]	host	host_mechanic
crates/fbuild-daemon/src/handlers/websockets_tests.rs	163	native_path	libc::	process	host_mechanic
crates/fbuild-daemon/src/handlers/websockets_tests.rs	177	native_path	libc::	process	host_mechanic
crates/fbuild-daemon/src/handlers/websockets_tests.rs	191	native_path	libc::	process	host_mechanic
crates/fbuild-daemon/src/handlers/websockets_tests.rs	206	native_path	libc::	process	host_mechanic
crates/fbuild-daemon/src/handlers/websockets_tests.rs	346	native_path	libc::	process	host_mechanic
crates/fbuild-daemon/src/handlers/websockets_tests.rs	348	native_path	libc::	process	host_mechanic
crates/fbuild-daemon/src/handlers/websockets_tests.rs	351	native_path	libc::	process	host_mechanic
crates/fbuild-daemon/src/handlers/websockets_tests.rs	354	native_path	libc::	process	host_mechanic
crates/fbuild-packages/tests/it/qemu_linux_runtime.rs	18	attr_cfg	#![cfg(target_os=)]	host	host_mechanic
crates/fbuild-paths/src/dev_daemon_namespace.rs	91	native_path	std::env::current_exe	host_executable	host_mechanic
crates/fbuild-paths/src/executable_hash.rs	6	attr_cfg	#[cfg(unix)]	host	host_mechanic
crates/fbuild-paths/src/executable_hash.rs	9	attr_cfg	#[cfg(unix)]	host	host_mechanic
crates/fbuild-paths/src/executable_hash.rs	23	attr_cfg	#[cfg(unix)]	host	host_mechanic
crates/fbuild-paths/src/executable_hash.rs	66	attr_cfg	#[cfg(not(unix))]	host	host_mechanic
crates/fbuild-paths/src/executable_hash.rs	71	attr_cfg	#[cfg(unix)]	host	host_mechanic
crates/fbuild-paths/src/executable_hash.rs	76	attr_cfg	#[cfg(unix)]	host	host_mechanic
crates/fbuild-paths/src/executable_hash.rs	85	attr_cfg	#[cfg(all(test,unix))]	host	host_mechanic
crates/fbuild-python/tests/python_facades/main.rs	318	native_path	std::env::current_exe	host_executable	host_mechanic
crates/fbuild-toolchain/src/toolchain/esp_qemu.rs	528	attr_cfg	#[cfg(windows)]	host_executable	host_mechanic
crates/fbuild-toolchain/src/toolchain/esp_qemu.rs	534	attr_cfg	#[cfg(windows)]	host_executable	host_mechanic
crates/fbuild-toolchain/src/toolchain/esp_qemu.rs	565	attr_cfg	#[cfg(not(windows))]	host_executable	host_mechanic
crates/fbuild-toolchain/src/toolchain/esp_qemu.rs	570	attr_cfg	#[cfg(not(windows))]	host_executable	host_mechanic
crates/fbuild-toolchain/src/toolchain/esp_qemu.rs	728	attr_cfg	#[cfg(windows)]	host_executable	host_mechanic
crates/fbuild-toolchain/src/toolchain/esp_qemu.rs	755	attr_cfg	#[cfg(windows)]	host_executable	host_mechanic
crates/fbuild-toolchain/src/toolchain/esp_qemu_runtime.rs	253	attr_cfg	#[cfg_attr(not(target_os=),allow(dead_code))]	host_executable	host_artifact_policy
crates/fbuild-toolchain/src/toolchain/esp_qemu_runtime.rs	295	attr_cfg	#[cfg(not(target_os=))]	host_executable	host_artifact_policy
crates/fbuild-toolchain/src/toolchain/esp_qemu_runtime.rs	301	attr_cfg	#[cfg(target_os=)]	host_executable	host_artifact_policy
